"priority","asset_or_document","path","type","reason_for_review","recommended_review_method"
"A","العروسه v2.MP4","D:\7Z-Magic\Projects\SCMC - Ras AlKhaima - UAE\Media & Resources\20 years anniversary\داتا السنوية\videos\العروسه v2.MP4","CAMPAIGN","Potential production website asset based on path and filename metadata","content inspection"
"A","Copy of افنت اسناتن كالابطال.mp4","D:\7Z-Magic\Projects\SCMC - Ras AlKhaima - UAE\Media & Resources\20 years anniversary\داتا السنوية\videos\Copy of افنت اسناتن كالابطال.mp4","CAMPAIGN","Potential production website asset based on path and filename metadata","content inspection"
"A","Copy of ليش حنان ترجمة 02.mp4","D:\7Z-Magic\Projects\SCMC - Ras AlKhaima - UAE\Media & Resources\20 years anniversary\داتا السنوية\videos\Copy of ليش حنان ترجمة 02.mp4","CAMPAIGN","Potential production website asset based on path and filename metadata","content inspection"
"A","0820.mp4","D:\7Z-Magic\Projects\SCMC - Ras AlKhaima - UAE\Media & Resources\20 years anniversary\داتا السنوية\videos\0820.mp4","CAMPAIGN","Potential production website asset based on path and filename metadata","content inspection"
"A","Copy of MOVIE NIGHT  V04.mp4","D:\7Z-Magic\Projects\SCMC - Ras AlKhaima - UAE\Media & Resources\20 years anniversary\داتا السنوية\videos\Copy of MOVIE NIGHT  V04.mp4","CAMPAIGN","Potential production website asset based on path and filename metadata","content inspection"
"A","IMG_9719.MP4","D:\7Z-Magic\Projects\SCMC - Ras AlKhaima - UAE\Media & Resources\20 years anniversary\داتا السنوية\videos\IMG_9719.MP4","CAMPAIGN","Potential production website asset based on path and filename metadata","content inspection"
"A","2024-09-11 12-09-02 RUQ0 1920x1080 30fps.mov","D:\7Z-Magic\Projects\SCMC - Ras AlKhaima - UAE\Media & Resources\20 years anniversary\داتا السنوية\Surprise\2024-09-11 12-09-02 RUQ0 1920x1080 30fps.mov","CAMPAIGN","Potential production website asset based on path and filename metadata","content inspection"
"A","Copy of اكثر موقف نائل متزجم.mp4","D:\7Z-Magic\Projects\SCMC - Ras AlKhaima - UAE\Media & Resources\20 years anniversary\داتا السنوية\videos\Copy of اكثر موقف نائل متزجم.mp4","CAMPAIGN","Potential production website asset based on path and filename metadata","content inspection"
"A","Copy of Eid V02.mp4","D:\7Z-Magic\Projects\SCMC - Ras AlKhaima - UAE\Media & Resources\20 years anniversary\داتا السنوية\videos\Copy of Eid V02.mp4","CAMPAIGN","Potential production website asset based on path and filename metadata","content inspection"
"A","IMG_5974.MP4","D:\7Z-Magic\Projects\SCMC - Ras AlKhaima - UAE\Media & Resources\20 years anniversary\داتا السنوية\videos\IMG_5974.MP4","CAMPAIGN","Potential production website asset based on path and filename metadata","content inspection"
"A","Copy of الام توزيع ورود01.mp4","D:\7Z-Magic\Projects\SCMC - Ras AlKhaima - UAE\Media & Resources\20 years anniversary\داتا السنوية\videos\Copy of الام توزيع ورود01.mp4","CAMPAIGN","Potential production website asset based on path and filename metadata","content inspection"
"A","2024-09-11 13-59-39 NUQY 1920x1080 30fps(1).mov","D:\7Z-Magic\Projects\SCMC - Ras AlKhaima - UAE\Media & Resources\20 years anniversary\داتا السنوية\Prepare for 17th\2024-09-11 13-59-39 NUQY 1920x1080 30fps(1).mov","CAMPAIGN","Potential production website asset based on path and filename metadata","content inspection"
"A","2024-09-11 13-59-39 NUQY 1920x1080 30fps.mov","D:\7Z-Magic\Projects\SCMC - Ras AlKhaima - UAE\Media & Resources\20 years anniversary\داتا السنوية\Prepare for 17th\2024-09-11 13-59-39 NUQY 1920x1080 30fps.mov","CAMPAIGN","Potential production website asset based on path and filename metadata","content inspection"
"A","IMG_5977.MP4","D:\7Z-Magic\Projects\SCMC - Ras AlKhaima - UAE\Media & Resources\20 years anniversary\داتا السنوية\videos\IMG_5977.MP4","CAMPAIGN","Potential production website asset based on path and filename metadata","content inspection"
"A","Copy of اكثر موقف - حنان ترجمة.mp4","D:\7Z-Magic\Projects\SCMC - Ras AlKhaima - UAE\Media & Resources\20 years anniversary\داتا السنوية\videos\Copy of اكثر موقف - حنان ترجمة.mp4","CAMPAIGN","Potential production website asset based on path and filename metadata","content inspection"
"A","IMG_6908.MP4","D:\7Z-Magic\Projects\SCMC - Ras AlKhaima - UAE\Media & Resources\20 years anniversary\داتا السنوية\videos\IMG_6908.MP4","CAMPAIGN","Potential production website asset based on path and filename metadata","content inspection"
"A","IMG_5975.MP4","D:\7Z-Magic\Projects\SCMC - Ras AlKhaima - UAE\Media & Resources\20 years anniversary\داتا السنوية\videos\IMG_5975.MP4","CAMPAIGN","Potential production website asset based on path and filename metadata","content inspection"
"A","Copy of 17 yares V04.mp4","D:\7Z-Magic\Projects\SCMC - Ras AlKhaima - UAE\Media & Resources\20 years anniversary\داتا السنوية\videos\Copy of 17 yares V04.mp4","CAMPAIGN","Potential production website asset based on path and filename metadata","content inspection"
"A","0820 (1).mp4","D:\7Z-Magic\Projects\SCMC - Ras AlKhaima - UAE\Media & Resources\20 years anniversary\داتا السنوية\videos\0820 (1).mp4","CAMPAIGN","Potential production website asset based on path and filename metadata","content inspection"
"A","Copy of اهلا رمضان.mp4","D:\7Z-Magic\Projects\SCMC - Ras AlKhaima - UAE\Media & Resources\20 years anniversary\داتا السنوية\videos\Copy of اهلا رمضان.mp4","CAMPAIGN","Potential production website asset based on path and filename metadata","content inspection"
"A","Copy of ahlan 03 .mp4","D:\7Z-Magic\Projects\SCMC - Ras AlKhaima - UAE\Media & Resources\20 years anniversary\داتا السنوية\videos\Copy of ahlan 03 .mp4","CAMPAIGN","Potential production website asset based on path and filename metadata","content inspection"
"A","2024-09-11 12-07-45 NUJD 1920x1080 30fps.mov","D:\7Z-Magic\Projects\SCMC - Ras AlKhaima - UAE\Media & Resources\20 years anniversary\داتا السنوية\Surprise\2024-09-11 12-07-45 NUJD 1920x1080 30fps.mov","CAMPAIGN","Potential production website asset based on path and filename metadata","content inspection"
"A","copy_0CAEE7A8-9B2E-4740-A8B2-2B1367E48C06.MOV","D:\7Z-Magic\Projects\SCMC - Ras AlKhaima - UAE\Media & Resources\20 years anniversary\داتا السنوية\videos\copy_0CAEE7A8-9B2E-4740-A8B2-2B1367E48C06.MOV","CAMPAIGN","Potential production website asset based on path and filename metadata","content inspection"
"A","5.mp4","D:\7Z-Magic\Projects\SCMC - Ras AlKhaima - UAE\Media & Resources\20 years anniversary\داتا السنوية\داتا سنوات قديمة\videos\5.mp4","CAMPAIGN","Potential production website asset based on path and filename metadata","content inspection"
"A","IMG_4526.mov","D:\7Z-Magic\Projects\SCMC - Ras AlKhaima - UAE\Media & Resources\20 years anniversary\pics\Smile care\IMG_4526.mov","CAMPAIGN","Potential production website asset based on path and filename metadata","content inspection"
"A","17b75738e96942ffa7ccd4332c41fcf3.MOV","D:\7Z-Magic\Projects\SCMC - Ras AlKhaima - UAE\Media & Resources\20 years anniversary\داتا السنوية\videos\17b75738e96942ffa7ccd4332c41fcf3.MOV","CAMPAIGN","Potential production website asset based on path and filename metadata","content inspection"
"A","DraftResource_1771435330.903205.MOV","D:\7Z-Magic\Projects\SCMC - Ras AlKhaima - UAE\Media & Resources\20 years anniversary\داتا السنوية\videos\DraftResource_1771435330.903205.MOV","CAMPAIGN","Potential production website asset based on path and filename metadata","content inspection"
"A","2.mp4","D:\7Z-Magic\Projects\SCMC - Ras AlKhaima - UAE\Media & Resources\20 years anniversary\داتا السنوية\داتا سنوات قديمة\videos\2.mp4","CAMPAIGN","Potential production website asset based on path and filename metadata","content inspection"
"A","IMG_4527.mov","D:\7Z-Magic\Projects\SCMC - Ras AlKhaima - UAE\Media & Resources\20 years anniversary\pics\Smile care\IMG_4527.mov","CAMPAIGN","Potential production website asset based on path and filename metadata","content inspection"
"A","Copy of سؤال بيشنت تعقيم.mp4","D:\7Z-Magic\Projects\SCMC - Ras AlKhaima - UAE\Media & Resources\20 years anniversary\داتا السنوية\videos\Copy of سؤال بيشنت تعقيم.mp4","CAMPAIGN","Potential production website asset based on path and filename metadata","content inspection"
"A","IMG_4525.mov","D:\7Z-Magic\Projects\SCMC - Ras AlKhaima - UAE\Media & Resources\20 years anniversary\pics\Smile care\IMG_4525.mov","CAMPAIGN","Potential production website asset based on path and filename metadata","content inspection"
"A","IMG_7756.MOV","D:\7Z-Magic\Projects\SCMC - Ras AlKhaima - UAE\Media & Resources\20 years anniversary\داتا السنوية\Phone videos\IMG_7756.MOV","CAMPAIGN","Potential production website asset based on path and filename metadata","content inspection"
"A","IMG_6024.MOV","D:\7Z-Magic\Projects\SCMC - Ras AlKhaima - UAE\Media & Resources\20 years anniversary\داتا السنوية\Surprise\IMG_6024.MOV","CAMPAIGN","Potential production website asset based on path and filename metadata","content inspection"
"A","copy_D70D68DA-D848-4862-A88E-EB243137801A.MOV","D:\7Z-Magic\Projects\SCMC - Ras AlKhaima - UAE\Media & Resources\20 years anniversary\داتا السنوية\videos\copy_D70D68DA-D848-4862-A88E-EB243137801A.MOV","CAMPAIGN","Potential production website asset based on path and filename metadata","content inspection"
"A","IMG_7869.MOV","D:\7Z-Magic\Projects\SCMC - Ras AlKhaima - UAE\Media & Resources\20 years anniversary\داتا السنوية\سنوية 18\IMG_7869.MOV","CAMPAIGN","Potential production website asset based on path and filename metadata","content inspection"
"A","2024-09-11 12-06-48 NDE2 1920x1080 30fps.mov","D:\7Z-Magic\Projects\SCMC - Ras AlKhaima - UAE\Media & Resources\20 years anniversary\داتا السنوية\Surprise\2024-09-11 12-06-48 NDE2 1920x1080 30fps.mov","CAMPAIGN","Potential production website asset based on path and filename metadata","content inspection"
"A","copy_F975C09E-A107-43C3-BBD8-9CF3BF9677D2.MOV","D:\7Z-Magic\Projects\SCMC - Ras AlKhaima - UAE\Media & Resources\20 years anniversary\داتا السنوية\videos\copy_F975C09E-A107-43C3-BBD8-9CF3BF9677D2.MOV","CAMPAIGN","Potential production website asset based on path and filename metadata","content inspection"
"A","Copy of يوم العلم.mp4","D:\7Z-Magic\Projects\SCMC - Ras AlKhaima - UAE\Media & Resources\20 years anniversary\داتا السنوية\videos\Copy of يوم العلم.mp4","CAMPAIGN","Potential production website asset based on path and filename metadata","content inspection"
"A","IMG_5976.MP4","D:\7Z-Magic\Projects\SCMC - Ras AlKhaima - UAE\Media & Resources\20 years anniversary\داتا السنوية\videos\IMG_5976.MP4","CAMPAIGN","Potential production website asset based on path and filename metadata","content inspection"
"A","2024-09-11 12-47-01 QJND 1920x1080 30fps.mov","D:\7Z-Magic\Projects\SCMC - Ras AlKhaima - UAE\Media & Resources\20 years anniversary\داتا السنوية\Prepare for 17th\2024-09-11 12-47-01 QJND 1920x1080 30fps.mov","CAMPAIGN","Potential production website asset based on path and filename metadata","content inspection"
"A","2024-09-11 12-49-00 RUQ5 1920x1080 30fps.mov","D:\7Z-Magic\Projects\SCMC - Ras AlKhaima - UAE\Media & Resources\20 years anniversary\داتا السنوية\Prepare for 17th\2024-09-11 12-49-00 RUQ5 1920x1080 30fps.mov","CAMPAIGN","Potential production website asset based on path and filename metadata","content inspection"
"A","IMG_6022.MOV","D:\7Z-Magic\Projects\SCMC - Ras AlKhaima - UAE\Media & Resources\20 years anniversary\داتا السنوية\Surprise\IMG_6022.MOV","CAMPAIGN","Potential production website asset based on path and filename metadata","content inspection"
"A","IMG_6026.MOV","D:\7Z-Magic\Projects\SCMC - Ras AlKhaima - UAE\Media & Resources\20 years anniversary\داتا السنوية\Surprise\IMG_6026.MOV","CAMPAIGN","Potential production website asset based on path and filename metadata","content inspection"
"A","IMG_6025.MOV","D:\7Z-Magic\Projects\SCMC - Ras AlKhaima - UAE\Media & Resources\20 years anniversary\داتا السنوية\Surprise\IMG_6025.MOV","CAMPAIGN","Potential production website asset based on path and filename metadata","content inspection"
"A","IMG_6031.MOV","D:\7Z-Magic\Projects\SCMC - Ras AlKhaima - UAE\Media & Resources\20 years anniversary\داتا السنوية\Prepare for 17th\IMG_6031.MOV","CAMPAIGN","Potential production website asset based on path and filename metadata","content inspection"
"A","يوم المرأة الاماراتية.mp4","D:\7Z-Magic\Projects\SCMC - Ras AlKhaima - UAE\Media & Resources\20 years anniversary\داتا السنوية\videos\يوم المرأة الاماراتية.mp4","CAMPAIGN","Potential production website asset based on path and filename metadata","content inspection"
"A","2024-09-11 14-02-09 MJM3 1920x1080 30fps.mov","D:\7Z-Magic\Projects\SCMC - Ras AlKhaima - UAE\Media & Resources\20 years anniversary\داتا السنوية\Prepare for 17th\2024-09-11 14-02-09 MJM3 1920x1080 30fps.mov","CAMPAIGN","Potential production website asset based on path and filename metadata","content inspection"
"A","2024-09-11 14-02-09 MJM3 1920x1080 30fps(1).mov","D:\7Z-Magic\Projects\SCMC - Ras AlKhaima - UAE\Media & Resources\20 years anniversary\داتا السنوية\Prepare for 17th\2024-09-11 14-02-09 MJM3 1920x1080 30fps(1).mov","CAMPAIGN","Potential production website asset based on path and filename metadata","content inspection"
"A","2024-09-11 12-44-40 RDJC 1920x1080 30fps.mov","D:\7Z-Magic\Projects\SCMC - Ras AlKhaima - UAE\Media & Resources\20 years anniversary\داتا السنوية\Prepare for 17th\2024-09-11 12-44-40 RDJC 1920x1080 30fps.mov","CAMPAIGN","Potential production website asset based on path and filename metadata","content inspection"
"A","IMG_6054.MOV","D:\7Z-Magic\Projects\SCMC - Ras AlKhaima - UAE\Media & Resources\20 years anniversary\داتا السنوية\Prepare for 17th\IMG_6054.MOV","CAMPAIGN","Potential production website asset based on path and filename metadata","content inspection"
"A","IMG_6209.MOV","D:\7Z-Magic\Projects\SCMC - Ras AlKhaima - UAE\Media & Resources\20 years anniversary\داتا السنوية\Prepare for 17th\IMG_6209.MOV","CAMPAIGN","Potential production website asset based on path and filename metadata","content inspection"
"A","IMG_7867.MOV","D:\7Z-Magic\Projects\SCMC - Ras AlKhaima - UAE\Media & Resources\20 years anniversary\داتا السنوية\سنوية 18\IMG_7867.MOV","CAMPAIGN","Potential production website asset based on path and filename metadata","content inspection"
"A","IMG_6213.MOV","D:\7Z-Magic\Projects\SCMC - Ras AlKhaima - UAE\Media & Resources\20 years anniversary\داتا السنوية\Prepare for 17th\IMG_6213.MOV","CAMPAIGN","Potential production website asset based on path and filename metadata","content inspection"
"A","1252a294d5db421ea97a4edb72cc23df.mov","D:\7Z-Magic\Projects\SCMC - Ras AlKhaima - UAE\Media & Resources\20 years anniversary\داتا السنوية\Phone videos\1252a294d5db421ea97a4edb72cc23df.mov","CAMPAIGN","Potential production website asset based on path and filename metadata","content inspection"
"A","IMG_6210.MOV","D:\7Z-Magic\Projects\SCMC - Ras AlKhaima - UAE\Media & Resources\20 years anniversary\داتا السنوية\Prepare for 17th\IMG_6210.MOV","CAMPAIGN","Potential production website asset based on path and filename metadata","content inspection"
"A","2024-09-11 14-01-34 OTMW 1920x1080 30fps.mov","D:\7Z-Magic\Projects\SCMC - Ras AlKhaima - UAE\Media & Resources\20 years anniversary\داتا السنوية\Prepare for 17th\2024-09-11 14-01-34 OTMW 1920x1080 30fps.mov","CAMPAIGN","Potential production website asset based on path and filename metadata","content inspection"
"A","IMG_7881.MOV","D:\7Z-Magic\Projects\SCMC - Ras AlKhaima - UAE\Media & Resources\20 years anniversary\داتا السنوية\سنوية 18\IMG_7881.MOV","CAMPAIGN","Potential production website asset based on path and filename metadata","content inspection"
"A","IMG_6212.MOV","D:\7Z-Magic\Projects\SCMC - Ras AlKhaima - UAE\Media & Resources\20 years anniversary\داتا السنوية\Prepare for 17th\IMG_6212.MOV","CAMPAIGN","Potential production website asset based on path and filename metadata","content inspection"
"A","IMG_6222.MOV","D:\7Z-Magic\Projects\SCMC - Ras AlKhaima - UAE\Media & Resources\20 years anniversary\داتا السنوية\Prepare for 17th\IMG_6222.MOV","CAMPAIGN","Potential production website asset based on path and filename metadata","content inspection"
"A","IMG_9355.MOV","D:\7Z-Magic\Projects\SCMC - Ras AlKhaima - UAE\Media & Resources\20 years anniversary\داتا السنوية\Phone videos\IMG_9355.MOV","CAMPAIGN","Potential production website asset based on path and filename metadata","content inspection"
"A","IMG_6023.MOV","D:\7Z-Magic\Projects\SCMC - Ras AlKhaima - UAE\Media & Resources\20 years anniversary\داتا السنوية\Surprise\IMG_6023.MOV","CAMPAIGN","Potential production website asset based on path and filename metadata","content inspection"
"A","IMG_7866.MOV","D:\7Z-Magic\Projects\SCMC - Ras AlKhaima - UAE\Media & Resources\20 years anniversary\داتا السنوية\سنوية 18\IMG_7866.MOV","CAMPAIGN","Potential production website asset based on path and filename metadata","content inspection"
"A","IMG_6086.MOV","D:\7Z-Magic\Projects\SCMC - Ras AlKhaima - UAE\Media & Resources\20 years anniversary\داتا السنوية\Prepare for 17th\IMG_6086.MOV","CAMPAIGN","Potential production website asset based on path and filename metadata","content inspection"
"A","IMG_6216.MOV","D:\7Z-Magic\Projects\SCMC - Ras AlKhaima - UAE\Media & Resources\20 years anniversary\داتا السنوية\Prepare for 17th\IMG_6216.MOV","CAMPAIGN","Potential production website asset based on path and filename metadata","content inspection"
"A","IMG_5223.mov","D:\7Z-Magic\Projects\SCMC - Ras AlKhaima - UAE\Media & Resources\20 years anniversary\داتا السنوية\videos\behind the scenes\IMG_5223.mov","CAMPAIGN","Potential production website asset based on path and filename metadata","content inspection"
"A","IMG_6047.MOV","D:\7Z-Magic\Projects\SCMC - Ras AlKhaima - UAE\Media & Resources\20 years anniversary\داتا السنوية\Prepare for 17th\IMG_6047.MOV","CAMPAIGN","Potential production website asset based on path and filename metadata","content inspection"
"A","1cac752d9b334af2adfc3e5b44b4af8e.MOV","D:\7Z-Magic\Projects\SCMC - Ras AlKhaima - UAE\Media & Resources\20 years anniversary\داتا السنوية\videos\behind the scenes\1cac752d9b334af2adfc3e5b44b4af8e.MOV","CAMPAIGN","Potential production website asset based on path and filename metadata","content inspection"
"A","IMG_0142.MOV","D:\7Z-Magic\Projects\SCMC - Ras AlKhaima - UAE\Media & Resources\20 years anniversary\داتا السنوية\Phone videos\IMG_0142.MOV","CAMPAIGN","Potential production website asset based on path and filename metadata","content inspection"
"A","IMG_3381.mov","D:\7Z-Magic\Projects\SCMC - Ras AlKhaima - UAE\Media & Resources\20 years anniversary\داتا السنوية\videos\behind the scenes\IMG_3381.mov","CAMPAIGN","Potential production website asset based on path and filename metadata","content inspection"
"A","IMG_7855.MOV","D:\7Z-Magic\Projects\SCMC - Ras AlKhaima - UAE\Media & Resources\20 years anniversary\داتا السنوية\سنوية 18\IMG_7855.MOV","CAMPAIGN","Potential production website asset based on path and filename metadata","content inspection"
"A","2024-09-11 12-46-20 QKU3 1920x1080 30fps.mov","D:\7Z-Magic\Projects\SCMC - Ras AlKhaima - UAE\Media & Resources\20 years anniversary\داتا السنوية\Prepare for 17th\2024-09-11 12-46-20 QKU3 1920x1080 30fps.mov","CAMPAIGN","Potential production website asset based on path and filename metadata","content inspection"
"A","IMG_6249.MOV","D:\7Z-Magic\Projects\SCMC - Ras AlKhaima - UAE\Media & Resources\20 years anniversary\داتا السنوية\Prepare for 17th\IMG_6249.MOV","CAMPAIGN","Potential production website asset based on path and filename metadata","content inspection"
"A","IMG_6119.MOV","D:\7Z-Magic\Projects\SCMC - Ras AlKhaima - UAE\Media & Resources\20 years anniversary\داتا السنوية\Prepare for 17th\IMG_6119.MOV","CAMPAIGN","Potential production website asset based on path and filename metadata","content inspection"
"A","876b8b1469894ca9ab4a98c4614dd4cb.mov","D:\7Z-Magic\Projects\SCMC - Ras AlKhaima - UAE\Media & Resources\20 years anniversary\داتا السنوية\videos\876b8b1469894ca9ab4a98c4614dd4cb.mov","CAMPAIGN","Potential production website asset based on path and filename metadata","content inspection"
"A","IMG_6113.MOV","D:\7Z-Magic\Projects\SCMC - Ras AlKhaima - UAE\Media & Resources\20 years anniversary\داتا السنوية\Prepare for 17th\IMG_6113.MOV","CAMPAIGN","Potential production website asset based on path and filename metadata","content inspection"
"A","IMG_6100.MOV","D:\7Z-Magic\Projects\SCMC - Ras AlKhaima - UAE\Media & Resources\20 years anniversary\داتا السنوية\Prepare for 17th\IMG_6100.MOV","CAMPAIGN","Potential production website asset based on path and filename metadata","content inspection"
"A","2024-09-11 12-45-41 RDZC 1920x1080 30fps.mov","D:\7Z-Magic\Projects\SCMC - Ras AlKhaima - UAE\Media & Resources\20 years anniversary\داتا السنوية\Prepare for 17th\2024-09-11 12-45-41 RDZC 1920x1080 30fps.mov","CAMPAIGN","Potential production website asset based on path and filename metadata","content inspection"
"A","Copy of Copy of معايدة مدام حنان.mp4","D:\7Z-Magic\Projects\SCMC - Ras AlKhaima - UAE\Media & Resources\20 years anniversary\داتا السنوية\videos\Copy of Copy of معايدة مدام حنان.mp4","CAMPAIGN","Potential production website asset based on path and filename metadata","content inspection"
"A","IMG_0140.MOV","D:\7Z-Magic\Projects\SCMC - Ras AlKhaima - UAE\Media & Resources\20 years anniversary\داتا السنوية\Phone videos\IMG_0140.MOV","CAMPAIGN","Potential production website asset based on path and filename metadata","content inspection"
"A","IMG_6248.MOV","D:\7Z-Magic\Projects\SCMC - Ras AlKhaima - UAE\Media & Resources\20 years anniversary\داتا السنوية\Prepare for 17th\IMG_6248.MOV","CAMPAIGN","Potential production website asset based on path and filename metadata","content inspection"
"A","IMG_6101.MOV","D:\7Z-Magic\Projects\SCMC - Ras AlKhaima - UAE\Media & Resources\20 years anniversary\داتا السنوية\Prepare for 17th\IMG_6101.MOV","CAMPAIGN","Potential production website asset based on path and filename metadata","content inspection"
"A","2024-09-11 12-48-24 RDK5 1920x1080 30fps.mov","D:\7Z-Magic\Projects\SCMC - Ras AlKhaima - UAE\Media & Resources\20 years anniversary\داتا السنوية\Prepare for 17th\2024-09-11 12-48-24 RDK5 1920x1080 30fps.mov","CAMPAIGN","Potential production website asset based on path and filename metadata","content inspection"
"A","IMG_6050.MOV","D:\7Z-Magic\Projects\SCMC - Ras AlKhaima - UAE\Media & Resources\20 years anniversary\داتا السنوية\Prepare for 17th\IMG_6050.MOV","CAMPAIGN","Potential production website asset based on path and filename metadata","content inspection"
"A","IMG_6048.MOV","D:\7Z-Magic\Projects\SCMC - Ras AlKhaima - UAE\Media & Resources\20 years anniversary\داتا السنوية\Prepare for 17th\IMG_6048.MOV","CAMPAIGN","Potential production website asset based on path and filename metadata","content inspection"
"A","IMG_6052.MOV","D:\7Z-Magic\Projects\SCMC - Ras AlKhaima - UAE\Media & Resources\20 years anniversary\داتا السنوية\Prepare for 17th\IMG_6052.MOV","CAMPAIGN","Potential production website asset based on path and filename metadata","content inspection"
"A","IMG_0232.MOV","D:\7Z-Magic\Projects\SCMC - Ras AlKhaima - UAE\Media & Resources\20 years anniversary\داتا السنوية\Phone videos\IMG_0232.MOV","CAMPAIGN","Potential production website asset based on path and filename metadata","content inspection"
"A","IMG_6214.MOV","D:\7Z-Magic\Projects\SCMC - Ras AlKhaima - UAE\Media & Resources\20 years anniversary\داتا السنوية\Phone videos\IMG_6214.MOV","CAMPAIGN","Potential production website asset based on path and filename metadata","content inspection"
"A","IMG_6214.MOV","D:\7Z-Magic\Projects\SCMC - Ras AlKhaima - UAE\Media & Resources\20 years anniversary\داتا السنوية\Prepare for 17th\IMG_6214.MOV","CAMPAIGN","Potential production website asset based on path and filename metadata","content inspection"
"A","IMG_7862.MOV","D:\7Z-Magic\Projects\SCMC - Ras AlKhaima - UAE\Media & Resources\20 years anniversary\داتا السنوية\سنوية 18\IMG_7862.MOV","CAMPAIGN","Potential production website asset based on path and filename metadata","content inspection"
"A","Dr. Asmaa Shehadeh.jpg","D:\7Z-Magic\Projects\SCMC - Ras AlKhaima - UAE\Media & Resources\Smilecare\doctor pics\Dr. Asmaa Shehadeh.jpg","PEOPLE","Potential production website asset based on path and filename metadata","content inspection"
"A","Dr. Nael Adel.jpg","D:\7Z-Magic\Projects\SCMC - Ras AlKhaima - UAE\Media & Resources\Smilecare\doctor pics\Dr. Nael Adel.jpg","PEOPLE","Potential production website asset based on path and filename metadata","content inspection"
"A","IMG_7875.MOV","D:\7Z-Magic\Projects\SCMC - Ras AlKhaima - UAE\Media & Resources\20 years anniversary\داتا السنوية\سنوية 18\IMG_7875.MOV","CAMPAIGN","Potential production website asset based on path and filename metadata","content inspection"
"A","2024-09-11 14-04-45 NJNE 1920x1080 30fps.mov","D:\7Z-Magic\Projects\SCMC - Ras AlKhaima - UAE\Media & Resources\20 years anniversary\داتا السنوية\Prepare for 17th\2024-09-11 14-04-45 NJNE 1920x1080 30fps.mov","CAMPAIGN","Potential production website asset based on path and filename metadata","content inspection"
"A","Dr. Mohammed Hijazi.jpg","D:\7Z-Magic\Projects\SCMC - Ras AlKhaima - UAE\Media & Resources\Smilecare\doctor pics\Dr. Mohammed Hijazi.jpg","PEOPLE","Potential production website asset based on path and filename metadata","content inspection"
"A","Dr. Duaa Alqasim.jpg","D:\7Z-Magic\Projects\SCMC - Ras AlKhaima - UAE\Media & Resources\Smilecare\doctor pics\Dr. Duaa Alqasim.jpg","PEOPLE","Potential production website asset based on path and filename metadata","content inspection"
"A","IMG_6225.MOV","D:\7Z-Magic\Projects\SCMC - Ras AlKhaima - UAE\Media & Resources\20 years anniversary\داتا السنوية\Prepare for 17th\IMG_6225.MOV","CAMPAIGN","Potential production website asset based on path and filename metadata","content inspection"
"A","IMG_6021.MOV","D:\7Z-Magic\Projects\SCMC - Ras AlKhaima - UAE\Media & Resources\20 years anniversary\داتا السنوية\Surprise\IMG_6021.MOV","CAMPAIGN","Potential production website asset based on path and filename metadata","content inspection"
"A","IMG_6115.MOV","D:\7Z-Magic\Projects\SCMC - Ras AlKhaima - UAE\Media & Resources\20 years anniversary\داتا السنوية\Prepare for 17th\IMG_6115.MOV","CAMPAIGN","Potential production website asset based on path and filename metadata","content inspection"
"A","IMG_6246.MOV","D:\7Z-Magic\Projects\SCMC - Ras AlKhaima - UAE\Media & Resources\20 years anniversary\داتا السنوية\Prepare for 17th\IMG_6246.MOV","CAMPAIGN","Potential production website asset based on path and filename metadata","content inspection"
"A","IMG_8421.mov","D:\7Z-Magic\Projects\SCMC - Ras AlKhaima - UAE\Media & Resources\20 years anniversary\داتا السنوية\videos\behind the scenes\IMG_8421.mov","CAMPAIGN","Potential production website asset based on path and filename metadata","content inspection"
"A","IMG_6224.MOV","D:\7Z-Magic\Projects\SCMC - Ras AlKhaima - UAE\Media & Resources\20 years anniversary\داتا السنوية\Prepare for 17th\IMG_6224.MOV","CAMPAIGN","Potential production website asset based on path and filename metadata","content inspection"
"A","IMG_6104.MOV","D:\7Z-Magic\Projects\SCMC - Ras AlKhaima - UAE\Media & Resources\20 years anniversary\داتا السنوية\Prepare for 17th\IMG_6104.MOV","CAMPAIGN","Potential production website asset based on path and filename metadata","content inspection"
"A","2024-09-11 12-49-58 OEY0 1920x1080 30fps.mov","D:\7Z-Magic\Projects\SCMC - Ras AlKhaima - UAE\Media & Resources\20 years anniversary\داتا السنوية\Prepare for 17th\2024-09-11 12-49-58 OEY0 1920x1080 30fps.mov","CAMPAIGN","Potential production website asset based on path and filename metadata","content inspection"
"A","IMG_6255.MOV","D:\7Z-Magic\Projects\SCMC - Ras AlKhaima - UAE\Media & Resources\20 years anniversary\داتا السنوية\Prepare for 17th\IMG_6255.MOV","CAMPAIGN","Potential production website asset based on path and filename metadata","content inspection"
"A","IMG_6247.MOV","D:\7Z-Magic\Projects\SCMC - Ras AlKhaima - UAE\Media & Resources\20 years anniversary\داتا السنوية\Prepare for 17th\IMG_6247.MOV","CAMPAIGN","Potential production website asset based on path and filename metadata","content inspection"
"A","IMG_6049.MOV","D:\7Z-Magic\Projects\SCMC - Ras AlKhaima - UAE\Media & Resources\20 years anniversary\داتا السنوية\Prepare for 17th\IMG_6049.MOV","CAMPAIGN","Potential production website asset based on path and filename metadata","content inspection"
"A","IMG_6254.MOV","D:\7Z-Magic\Projects\SCMC - Ras AlKhaima - UAE\Media & Resources\20 years anniversary\داتا السنوية\Prepare for 17th\IMG_6254.MOV","CAMPAIGN","Potential production website asset based on path and filename metadata","content inspection"
"A","IMG_8132.MOV","D:\7Z-Magic\Projects\SCMC - Ras AlKhaima - UAE\Media & Resources\20 years anniversary\داتا السنوية\Phone videos\IMG_8132.MOV","CAMPAIGN","Potential production website asset based on path and filename metadata","content inspection"
"A","IMG_6211.MOV","D:\7Z-Magic\Projects\SCMC - Ras AlKhaima - UAE\Media & Resources\20 years anniversary\داتا السنوية\Prepare for 17th\IMG_6211.MOV","CAMPAIGN","Potential production website asset based on path and filename metadata","content inspection"
"A","VIDEO-2025-04-22-13-24-10.mp4","D:\7Z-Magic\Projects\SCMC - Ras AlKhaima - UAE\Media & Resources\20 years anniversary\داتا السنوية\videos\VIDEO-2025-04-22-13-24-10.mp4","CAMPAIGN","Potential production website asset based on path and filename metadata","content inspection"
"A","IMG_6226.MOV","D:\7Z-Magic\Projects\SCMC - Ras AlKhaima - UAE\Media & Resources\20 years anniversary\داتا السنوية\Prepare for 17th\IMG_6226.MOV","CAMPAIGN","Potential production website asset based on path and filename metadata","content inspection"
"A","IMG_6218.MOV","D:\7Z-Magic\Projects\SCMC - Ras AlKhaima - UAE\Media & Resources\20 years anniversary\داتا السنوية\Prepare for 17th\IMG_6218.MOV","CAMPAIGN","Potential production website asset based on path and filename metadata","content inspection"
"A","IMG_6250.MOV","D:\7Z-Magic\Projects\SCMC - Ras AlKhaima - UAE\Media & Resources\20 years anniversary\داتا السنوية\Prepare for 17th\IMG_6250.MOV","CAMPAIGN","Potential production website asset based on path and filename metadata","content inspection"
"A","IMG_6020.MOV","D:\7Z-Magic\Projects\SCMC - Ras AlKhaima - UAE\Media & Resources\20 years anniversary\داتا السنوية\Surprise\IMG_6020.MOV","CAMPAIGN","Potential production website asset based on path and filename metadata","content inspection"
"A","IMG_7856.MOV","D:\7Z-Magic\Projects\SCMC - Ras AlKhaima - UAE\Media & Resources\20 years anniversary\داتا السنوية\سنوية 18\IMG_7856.MOV","CAMPAIGN","Potential production website asset based on path and filename metadata","content inspection"
"A","IMG_6256.MOV","D:\7Z-Magic\Projects\SCMC - Ras AlKhaima - UAE\Media & Resources\20 years anniversary\داتا السنوية\Prepare for 17th\IMG_6256.MOV","CAMPAIGN","Potential production website asset based on path and filename metadata","content inspection"
"A","2024-09-11 12-45-15 MJC2 1920x1080 30fps.mov","D:\7Z-Magic\Projects\SCMC - Ras AlKhaima - UAE\Media & Resources\20 years anniversary\داتا السنوية\Prepare for 17th\2024-09-11 12-45-15 MJC2 1920x1080 30fps.mov","CAMPAIGN","Potential production website asset based on path and filename metadata","content inspection"
"A","IMG_6046.MOV","D:\7Z-Magic\Projects\SCMC - Ras AlKhaima - UAE\Media & Resources\20 years anniversary\داتا السنوية\Prepare for 17th\IMG_6046.MOV","CAMPAIGN","Potential production website asset based on path and filename metadata","content inspection"
"A","IMG_8073.MOV","D:\7Z-Magic\Projects\SCMC - Ras AlKhaima - UAE\Media & Resources\20 years anniversary\داتا السنوية\Phone videos\IMG_8073.MOV","CAMPAIGN","Potential production website asset based on path and filename metadata","content inspection"
"A","2024-09-11 12-49-44 OTQ5 1920x1080 30fps.mov","D:\7Z-Magic\Projects\SCMC - Ras AlKhaima - UAE\Media & Resources\20 years anniversary\داتا السنوية\Prepare for 17th\2024-09-11 12-49-44 OTQ5 1920x1080 30fps.mov","CAMPAIGN","Potential production website asset based on path and filename metadata","content inspection"
"A","2024-09-11 12-44-06 RDM5 1920x1080 30fps.mov","D:\7Z-Magic\Projects\SCMC - Ras AlKhaima - UAE\Media & Resources\20 years anniversary\داتا السنوية\Prepare for 17th\2024-09-11 12-44-06 RDM5 1920x1080 30fps.mov","CAMPAIGN","Potential production website asset based on path and filename metadata","content inspection"
"A","IMG_6223.MOV","D:\7Z-Magic\Projects\SCMC - Ras AlKhaima - UAE\Media & Resources\20 years anniversary\داتا السنوية\Prepare for 17th\IMG_6223.MOV","CAMPAIGN","Potential production website asset based on path and filename metadata","content inspection"
"A","IMG_6253.MOV","D:\7Z-Magic\Projects\SCMC - Ras AlKhaima - UAE\Media & Resources\20 years anniversary\داتا السنوية\Prepare for 17th\IMG_6253.MOV","CAMPAIGN","Potential production website asset based on path and filename metadata","content inspection"
"A","IMG_5246.mov","D:\7Z-Magic\Projects\SCMC - Ras AlKhaima - UAE\Media & Resources\20 years anniversary\داتا السنوية\videos\behind the scenes\IMG_5246.mov","CAMPAIGN","Potential production website asset based on path and filename metadata","content inspection"
"A","IMG_7857.MOV","D:\7Z-Magic\Projects\SCMC - Ras AlKhaima - UAE\Media & Resources\20 years anniversary\داتا السنوية\سنوية 18\IMG_7857.MOV","CAMPAIGN","Potential production website asset based on path and filename metadata","content inspection"
"A","IMG_8072.MOV","D:\7Z-Magic\Projects\SCMC - Ras AlKhaima - UAE\Media & Resources\20 years anniversary\داتا السنوية\Phone videos\IMG_8072.MOV","CAMPAIGN","Potential production website asset based on path and filename metadata","content inspection"
"A","IMG_6051.MOV","D:\7Z-Magic\Projects\SCMC - Ras AlKhaima - UAE\Media & Resources\20 years anniversary\داتا السنوية\Prepare for 17th\IMG_6051.MOV","CAMPAIGN","Potential production website asset based on path and filename metadata","content inspection"
"A","IMG_6252.MOV","D:\7Z-Magic\Projects\SCMC - Ras AlKhaima - UAE\Media & Resources\20 years anniversary\داتا السنوية\Prepare for 17th\IMG_6252.MOV","CAMPAIGN","Potential production website asset based on path and filename metadata","content inspection"
"A","IMG_8307.MOV","D:\7Z-Magic\Projects\SCMC - Ras AlKhaima - UAE\Media & Resources\20 years anniversary\داتا السنوية\Phone videos\IMG_8307.MOV","CAMPAIGN","Potential production website asset based on path and filename metadata","content inspection"
"A","IMG_8023.MOV","D:\7Z-Magic\Projects\SCMC - Ras AlKhaima - UAE\Media & Resources\20 years anniversary\داتا السنوية\Phone videos\IMG_8023.MOV","CAMPAIGN","Potential production website asset based on path and filename metadata","content inspection"
"A","Your paragraph text - 7.jpg","D:\7Z-Magic\Projects\SCMC - Ras AlKhaima - UAE\Media & Resources\20 years anniversary\داتا السنوية\Phone videos\Your paragraph text - 7.jpg","CAMPAIGN","Potential production website asset based on path and filename metadata","content inspection"
"A","IMG_1193.mov","D:\7Z-Magic\Projects\SCMC - Ras AlKhaima - UAE\Media & Resources\20 years anniversary\داتا السنوية\Phone videos\IMG_1193.mov","CAMPAIGN","Potential production website asset based on path and filename metadata","content inspection"
"A","IMG_6217.MOV","D:\7Z-Magic\Projects\SCMC - Ras AlKhaima - UAE\Media & Resources\20 years anniversary\داتا السنوية\Prepare for 17th\IMG_6217.MOV","CAMPAIGN","Potential production website asset based on path and filename metadata","content inspection"
"A","IMG_7863.MOV","D:\7Z-Magic\Projects\SCMC - Ras AlKhaima - UAE\Media & Resources\20 years anniversary\داتا السنوية\سنوية 18\IMG_7863.MOV","CAMPAIGN","Potential production website asset based on path and filename metadata","content inspection"
"A","IMG_7868.MOV","D:\7Z-Magic\Projects\SCMC - Ras AlKhaima - UAE\Media & Resources\20 years anniversary\داتا السنوية\سنوية 18\IMG_7868.MOV","CAMPAIGN","Potential production website asset based on path and filename metadata","content inspection"
"A","IMG_7861.MOV","D:\7Z-Magic\Projects\SCMC - Ras AlKhaima - UAE\Media & Resources\20 years anniversary\داتا السنوية\سنوية 18\IMG_7861.MOV","CAMPAIGN","Potential production website asset based on path and filename metadata","content inspection"
"A","05-collateral.png","D:\7Z-Magic\Projects\SCMC - Ras AlKhaima - UAE\SCMC-7Z-Proposal\assets\concepts\05-collateral.png","IMAGE","Potential production website asset based on path and filename metadata","visual inspection"
"A","IMG_6099.MOV","D:\7Z-Magic\Projects\SCMC - Ras AlKhaima - UAE\Media & Resources\20 years anniversary\داتا السنوية\Prepare for 17th\IMG_6099.MOV","CAMPAIGN","Potential production website asset based on path and filename metadata","content inspection"
"A","IMG_6103.MOV","D:\7Z-Magic\Projects\SCMC - Ras AlKhaima - UAE\Media & Resources\20 years anniversary\داتا السنوية\Prepare for 17th\IMG_6103.MOV","CAMPAIGN","Potential production website asset based on path and filename metadata","content inspection"
"A","2024-09-11 12-46-51 QJC5 1920x1080 30fps.mov","D:\7Z-Magic\Projects\SCMC - Ras AlKhaima - UAE\Media & Resources\20 years anniversary\داتا السنوية\Prepare for 17th\2024-09-11 12-46-51 QJC5 1920x1080 30fps.mov","CAMPAIGN","Potential production website asset based on path and filename metadata","content inspection"
"A","d3b7e94699d84c088fe594825da68244.mov","D:\7Z-Magic\Projects\SCMC - Ras AlKhaima - UAE\Media & Resources\20 years anniversary\داتا السنوية\Phone videos\d3b7e94699d84c088fe594825da68244.mov","CAMPAIGN","Potential production website asset based on path and filename metadata","content inspection"
"A","2024-09-11 12-46-42 MTA5 1920x1080 30fps.mov","D:\7Z-Magic\Projects\SCMC - Ras AlKhaima - UAE\Media & Resources\20 years anniversary\داتا السنوية\Prepare for 17th\2024-09-11 12-46-42 MTA5 1920x1080 30fps.mov","CAMPAIGN","Potential production website asset based on path and filename metadata","content inspection"
"A","Dr. Javier Hernandez_.jpg","D:\7Z-Magic\Projects\SCMC - Ras AlKhaima - UAE\Media & Resources\Smilecare\doctor pics\Dr. Javier Hernandez_.jpg","PEOPLE","Potential production website asset based on path and filename metadata","content inspection"
"A","DSC08023.JPG","D:\7Z-Magic\Projects\SCMC - Ras AlKhaima - UAE\Media & Resources\20 years anniversary\pics\DSC08023.JPG","CAMPAIGN","Potential production website asset based on path and filename metadata","content inspection"
"A","04-treatment.png","D:\7Z-Magic\Projects\SCMC - Ras AlKhaima - UAE\SCMC-7Z-Proposal\assets\concepts\04-treatment.png","SERVICES","Potential production website asset based on path and filename metadata","content inspection"
"A","DSC08025.JPG","D:\7Z-Magic\Projects\SCMC - Ras AlKhaima - UAE\Media & Resources\20 years anniversary\pics\DSC08025.JPG","CAMPAIGN","Potential production website asset based on path and filename metadata","content inspection"
"A","DSC08020.JPG","D:\7Z-Magic\Projects\SCMC - Ras AlKhaima - UAE\Media & Resources\20 years anniversary\pics\DSC08020.JPG","CAMPAIGN","Potential production website asset based on path and filename metadata","content inspection"
"A","DSC08007.JPG","D:\7Z-Magic\Projects\SCMC - Ras AlKhaima - UAE\Media & Resources\20 years anniversary\pics\DSC08007.JPG","CAMPAIGN","Potential production website asset based on path and filename metadata","content inspection"
"A","DSC08044.JPG","D:\7Z-Magic\Projects\SCMC - Ras AlKhaima - UAE\Media & Resources\20 years anniversary\pics\DSC08044.JPG","CAMPAIGN","Potential production website asset based on path and filename metadata","content inspection"
"A","IMG_6055.MOV","D:\7Z-Magic\Projects\SCMC - Ras AlKhaima - UAE\Media & Resources\20 years anniversary\داتا السنوية\Prepare for 17th\IMG_6055.MOV","CAMPAIGN","Potential production website asset based on path and filename metadata","content inspection"
"A","DSC08032.JPG","D:\7Z-Magic\Projects\SCMC - Ras AlKhaima - UAE\Media & Resources\20 years anniversary\pics\DSC08032.JPG","CAMPAIGN","Potential production website asset based on path and filename metadata","content inspection"
"A","DSC_3935.JPG","D:\7Z-Magic\Projects\SCMC - Ras AlKhaima - UAE\Media & Resources\20 years anniversary\داتا السنوية\داتا سنوات قديمة\photos_\DSC_3935.JPG","CAMPAIGN","Potential production website asset based on path and filename metadata","content inspection"
"A","02-exterior.png","D:\7Z-Magic\Projects\SCMC - Ras AlKhaima - UAE\SCMC-7Z-Proposal\assets\concepts\02-exterior.png","MEDICAL_CENTER","Potential production website asset based on path and filename metadata","content inspection"
"A","DSC_3916.JPG","D:\7Z-Magic\Projects\SCMC - Ras AlKhaima - UAE\Media & Resources\20 years anniversary\داتا السنوية\داتا سنوات قديمة\photos_\DSC_3916.JPG","CAMPAIGN","Potential production website asset based on path and filename metadata","content inspection"
"A","DSC_3947.JPG","D:\7Z-Magic\Projects\SCMC - Ras AlKhaima - UAE\Media & Resources\20 years anniversary\داتا السنوية\داتا سنوات قديمة\photos_\DSC_3947.JPG","CAMPAIGN","Potential production website asset based on path and filename metadata","content inspection"
"A","DSC_4139.JPG","D:\7Z-Magic\Projects\SCMC - Ras AlKhaima - UAE\Media & Resources\20 years anniversary\داتا السنوية\داتا سنوات قديمة\photos_\DSC_4139.JPG","CAMPAIGN","Potential production website asset based on path and filename metadata","content inspection"
"A","Copy of DSC_0267.JPG","D:\7Z-Magic\Projects\SCMC - Ras AlKhaima - UAE\Media & Resources\20 years anniversary\pics\Old place\Copy of DSC_0267.JPG","CAMPAIGN","Potential production website asset based on path and filename metadata","content inspection"
"A","DSC_3933.JPG","D:\7Z-Magic\Projects\SCMC - Ras AlKhaima - UAE\Media & Resources\20 years anniversary\داتا السنوية\داتا سنوات قديمة\photos_\DSC_3933.JPG","CAMPAIGN","Potential production website asset based on path and filename metadata","content inspection"
"A","DSC08029.JPG","D:\7Z-Magic\Projects\SCMC - Ras AlKhaima - UAE\Media & Resources\20 years anniversary\pics\DSC08029.JPG","CAMPAIGN","Potential production website asset based on path and filename metadata","content inspection"
"A","DSC_4196.JPG","D:\7Z-Magic\Projects\SCMC - Ras AlKhaima - UAE\Media & Resources\20 years anniversary\داتا السنوية\داتا سنوات قديمة\photos_\DSC_4196.JPG","CAMPAIGN","Potential production website asset based on path and filename metadata","content inspection"
"A","DSC_3941.JPG","D:\7Z-Magic\Projects\SCMC - Ras AlKhaima - UAE\Media & Resources\20 years anniversary\داتا السنوية\داتا سنوات قديمة\photos_\DSC_3941.JPG","CAMPAIGN","Potential production website asset based on path and filename metadata","content inspection"
"A","DSC08063.JPG","D:\7Z-Magic\Projects\SCMC - Ras AlKhaima - UAE\Media & Resources\20 years anniversary\pics\DSC08063.JPG","CAMPAIGN","Potential production website asset based on path and filename metadata","content inspection"
"A","DSC_4194.JPG","D:\7Z-Magic\Projects\SCMC - Ras AlKhaima - UAE\Media & Resources\20 years anniversary\داتا السنوية\داتا سنوات قديمة\photos_\DSC_4194.JPG","CAMPAIGN","Potential production website asset based on path and filename metadata","content inspection"
"A","DSC_3911.JPG","D:\7Z-Magic\Projects\SCMC - Ras AlKhaima - UAE\Media & Resources\20 years anniversary\داتا السنوية\داتا سنوات قديمة\photos_\DSC_3911.JPG","CAMPAIGN","Potential production website asset based on path and filename metadata","content inspection"
"A","أهلاً رمضان.mp3","D:\7Z-Magic\Projects\SCMC - Ras AlKhaima - UAE\Media & Resources\20 years anniversary\Sounds Smilecare\أهلاً رمضان.mp3","CAMPAIGN","Potential production website asset based on path and filename metadata","content inspection"
"A","DSC08038.JPG","D:\7Z-Magic\Projects\SCMC - Ras AlKhaima - UAE\Media & Resources\20 years anniversary\pics\DSC08038.JPG","CAMPAIGN","Potential production website asset based on path and filename metadata","content inspection"
"A","DSC08017.JPG","D:\7Z-Magic\Projects\SCMC - Ras AlKhaima - UAE\Media & Resources\20 years anniversary\pics\DSC08017.JPG","CAMPAIGN","Potential production website asset based on path and filename metadata","content inspection"
"A","DSC_3606.jpg","D:\7Z-Magic\Projects\SCMC - Ras AlKhaima - UAE\Media & Resources\20 years anniversary\داتا السنوية\داتا سنوات قديمة\photos_\DSC_3606.jpg","CAMPAIGN","Potential production website asset based on path and filename metadata","content inspection"
"A","DSC08052.JPG","D:\7Z-Magic\Projects\SCMC - Ras AlKhaima - UAE\Media & Resources\20 years anniversary\pics\DSC08052.JPG","CAMPAIGN","Potential production website asset based on path and filename metadata","content inspection"
"A","DSC08068.JPG","D:\7Z-Magic\Projects\SCMC - Ras AlKhaima - UAE\Media & Resources\20 years anniversary\pics\DSC08068.JPG","CAMPAIGN","Potential production website asset based on path and filename metadata","content inspection"
"A","DSC_3431.jpg","D:\7Z-Magic\Projects\SCMC - Ras AlKhaima - UAE\Media & Resources\20 years anniversary\داتا السنوية\داتا سنوات قديمة\photos_\DSC_3431.jpg","CAMPAIGN","Potential production website asset based on path and filename metadata","content inspection"
"A","01-reception.png","D:\7Z-Magic\Projects\SCMC - Ras AlKhaima - UAE\SCMC-7Z-Proposal\assets\concepts\01-reception.png","MEDICAL_CENTER","Potential production website asset based on path and filename metadata","content inspection"
"A","03-lounge.png","D:\7Z-Magic\Projects\SCMC - Ras AlKhaima - UAE\SCMC-7Z-Proposal\assets\concepts\03-lounge.png","IMAGE","Potential production website asset based on path and filename metadata","visual inspection"
"A","DSC08057.JPG","D:\7Z-Magic\Projects\SCMC - Ras AlKhaima - UAE\Media & Resources\20 years anniversary\pics\DSC08057.JPG","CAMPAIGN","Potential production website asset based on path and filename metadata","content inspection"
"A","DSC_4188.JPG","D:\7Z-Magic\Projects\SCMC - Ras AlKhaima - UAE\Media & Resources\20 years anniversary\داتا السنوية\داتا سنوات قديمة\photos_\DSC_4188.JPG","CAMPAIGN","Potential production website asset based on path and filename metadata","content inspection"
"A","DSC08075.JPG","D:\7Z-Magic\Projects\SCMC - Ras AlKhaima - UAE\Media & Resources\20 years anniversary\pics\DSC08075.JPG","CAMPAIGN","Potential production website asset based on path and filename metadata","content inspection"
"A","DSC08040.JPG","D:\7Z-Magic\Projects\SCMC - Ras AlKhaima - UAE\Media & Resources\20 years anniversary\pics\DSC08040.JPG","CAMPAIGN","Potential production website asset based on path and filename metadata","content inspection"
"A","Dr. Walaa Ibrahim Abo Elyazid.jpg","D:\7Z-Magic\Projects\SCMC - Ras AlKhaima - UAE\Media & Resources\Smilecare\doctor pics\Dr. Walaa Ibrahim Abo Elyazid.jpg","PEOPLE","Potential production website asset based on path and filename metadata","content inspection"
"A","IMG_1194.mov","D:\7Z-Magic\Projects\SCMC - Ras AlKhaima - UAE\Media & Resources\20 years anniversary\داتا السنوية\Phone videos\IMG_1194.mov","CAMPAIGN","Potential production website asset based on path and filename metadata","content inspection"
"A","IMG_6215.MOV","D:\7Z-Magic\Projects\SCMC - Ras AlKhaima - UAE\Media & Resources\20 years anniversary\داتا السنوية\Prepare for 17th\IMG_6215.MOV","CAMPAIGN","Potential production website asset based on path and filename metadata","content inspection"
"A","DSC08037.JPG","D:\7Z-Magic\Projects\SCMC - Ras AlKhaima - UAE\Media & Resources\20 years anniversary\pics\DSC08037.JPG","CAMPAIGN","Potential production website asset based on path and filename metadata","content inspection"
"A","DSC_3576.jpg","D:\7Z-Magic\Projects\SCMC - Ras AlKhaima - UAE\Media & Resources\20 years anniversary\داتا السنوية\داتا سنوات قديمة\photos_\DSC_3576.jpg","CAMPAIGN","Potential production website asset based on path and filename metadata","content inspection"
"A","IMG_7864.MOV","D:\7Z-Magic\Projects\SCMC - Ras AlKhaima - UAE\Media & Resources\20 years anniversary\داتا السنوية\سنوية 18\IMG_7864.MOV","CAMPAIGN","Potential production website asset based on path and filename metadata","content inspection"
"A","06-digital.png","D:\7Z-Magic\Projects\SCMC - Ras AlKhaima - UAE\SCMC-7Z-Proposal\assets\concepts\06-digital.png","IMAGE","Potential production website asset based on path and filename metadata","visual inspection"
"A","IMG_7860.MOV","D:\7Z-Magic\Projects\SCMC - Ras AlKhaima - UAE\Media & Resources\20 years anniversary\داتا السنوية\سنوية 18\IMG_7860.MOV","CAMPAIGN","Potential production website asset based on path and filename metadata","content inspection"
"A","Dr. Mohammed AM Alqasem.jpg","D:\7Z-Magic\Projects\SCMC - Ras AlKhaima - UAE\Media & Resources\Smilecare\doctor pics\Dr. Mohammed AM Alqasem.jpg","PEOPLE","Potential production website asset based on path and filename metadata","content inspection"
"A","IMG_6110.MOV","D:\7Z-Magic\Projects\SCMC - Ras AlKhaima - UAE\Media & Resources\20 years anniversary\داتا السنوية\Prepare for 17th\IMG_6110.MOV","CAMPAIGN","Potential production website asset based on path and filename metadata","content inspection"
"A","DSC_2879.JPG","D:\7Z-Magic\Projects\SCMC - Ras AlKhaima - UAE\Media & Resources\20 years anniversary\داتا السنوية\داتا سنوات قديمة\photos_\DSC_2879.JPG","CAMPAIGN","Potential production website asset based on path and filename metadata","content inspection"
"A","DSC_1019-2.jpg","D:\7Z-Magic\Projects\SCMC - Ras AlKhaima - UAE\Media & Resources\20 years anniversary\داتا السنوية\داتا سنوات قديمة\photos_\DSC_1019-2.jpg","CAMPAIGN","Potential production website asset based on path and filename metadata","content inspection"
"A","Copy of DSC_1019-2.jpg","D:\7Z-Magic\Projects\SCMC - Ras AlKhaima - UAE\Media & Resources\20 years anniversary\pics\Old place\Copy of DSC_1019-2.jpg","CAMPAIGN","Potential production website asset based on path and filename metadata","content inspection"
"A","DSC_2910.jpg","D:\7Z-Magic\Projects\SCMC - Ras AlKhaima - UAE\Media & Resources\20 years anniversary\داتا السنوية\داتا سنوات قديمة\photos_\DSC_2910.jpg","CAMPAIGN","Potential production website asset based on path and filename metadata","content inspection"
"A","IMG_6028.MOV","D:\7Z-Magic\Projects\SCMC - Ras AlKhaima - UAE\Media & Resources\20 years anniversary\داتا السنوية\Surprise\IMG_6028.MOV","CAMPAIGN","Potential production website asset based on path and filename metadata","content inspection"
"A","DSC_1130-2.jpg","D:\7Z-Magic\Projects\SCMC - Ras AlKhaima - UAE\Media & Resources\20 years anniversary\داتا السنوية\داتا سنوات قديمة\photos_\DSC_1130-2.jpg","CAMPAIGN","Potential production website asset based on path and filename metadata","content inspection"
"A","Copy of DSC_1130-2.jpg","D:\7Z-Magic\Projects\SCMC - Ras AlKhaima - UAE\Media & Resources\20 years anniversary\pics\Old place\Copy of DSC_1130-2.jpg","CAMPAIGN","Potential production website asset based on path and filename metadata","content inspection"
"A","DSC_0358.jpg","D:\7Z-Magic\Projects\SCMC - Ras AlKhaima - UAE\Media & Resources\20 years anniversary\داتا السنوية\داتا سنوات قديمة\photos_\DSC_0358.jpg","CAMPAIGN","Potential production website asset based on path and filename metadata","content inspection"
"A","Dr. Syed Anwar.jpg","D:\7Z-Magic\Projects\SCMC - Ras AlKhaima - UAE\Media & Resources\Smilecare\doctor pics\Dr. Syed Anwar.jpg","PEOPLE","Potential production website asset based on path and filename metadata","content inspection"
"A","DSC_3496.jpg","D:\7Z-Magic\Projects\SCMC - Ras AlKhaima - UAE\Media & Resources\20 years anniversary\داتا السنوية\داتا سنوات قديمة\photos_\DSC_3496.jpg","CAMPAIGN","Potential production website asset based on path and filename metadata","content inspection"
"A","DSC_3427.jpg","D:\7Z-Magic\Projects\SCMC - Ras AlKhaima - UAE\Media & Resources\20 years anniversary\داتا السنوية\داتا سنوات قديمة\photos_\DSC_3427.jpg","CAMPAIGN","Potential production website asset based on path and filename metadata","content inspection"
"A","2024-09-11 12-46-08 MURF 1920x1080 30fps.mov","D:\7Z-Magic\Projects\SCMC - Ras AlKhaima - UAE\Media & Resources\20 years anniversary\داتا السنوية\Prepare for 17th\2024-09-11 12-46-08 MURF 1920x1080 30fps.mov","CAMPAIGN","Potential production website asset based on path and filename metadata","content inspection"
"A","Copy of DSC_0282.JPG","D:\7Z-Magic\Projects\SCMC - Ras AlKhaima - UAE\Media & Resources\20 years anniversary\pics\Old place\Copy of DSC_0282.JPG","CAMPAIGN","Potential production website asset based on path and filename metadata","content inspection"
"A","DSC_0282.JPG","D:\7Z-Magic\Projects\SCMC - Ras AlKhaima - UAE\Media & Resources\20 years anniversary\داتا السنوية\داتا سنوات قديمة\photos_\DSC_0282.JPG","CAMPAIGN","Potential production website asset based on path and filename metadata","content inspection"
"A","DSC_3514.jpg","D:\7Z-Magic\Projects\SCMC - Ras AlKhaima - UAE\Media & Resources\20 years anniversary\داتا السنوية\داتا سنوات قديمة\photos_\DSC_3514.jpg","CAMPAIGN","Potential production website asset based on path and filename metadata","content inspection"
"A","IMG_8007.MOV","D:\7Z-Magic\Projects\SCMC - Ras AlKhaima - UAE\Media & Resources\20 years anniversary\داتا السنوية\Phone videos\IMG_8007.MOV","CAMPAIGN","Potential production website asset based on path and filename metadata","content inspection"
"A","DSC_3561.jpg","D:\7Z-Magic\Projects\SCMC - Ras AlKhaima - UAE\Media & Resources\20 years anniversary\داتا السنوية\داتا سنوات قديمة\photos_\DSC_3561.jpg","CAMPAIGN","Potential production website asset based on path and filename metadata","content inspection"
"A","Copy of fgfg.jpg","D:\7Z-Magic\Projects\SCMC - Ras AlKhaima - UAE\Media & Resources\20 years anniversary\pics\Old place\Copy of fgfg.jpg","CAMPAIGN","Potential production website asset based on path and filename metadata","content inspection"
"A","fgfg.jpg","D:\7Z-Magic\Projects\SCMC - Ras AlKhaima - UAE\Media & Resources\20 years anniversary\داتا السنوية\داتا سنوات قديمة\photos_\fgfg.jpg","CAMPAIGN","Potential production website asset based on path and filename metadata","content inspection"
"A","Copy of DSC_1137-2.jpg","D:\7Z-Magic\Projects\SCMC - Ras AlKhaima - UAE\Media & Resources\20 years anniversary\pics\Old place\Copy of DSC_1137-2.jpg","CAMPAIGN","Potential production website asset based on path and filename metadata","content inspection"
"A","DSC_1137-2.jpg","D:\7Z-Magic\Projects\SCMC - Ras AlKhaima - UAE\Media & Resources\20 years anniversary\داتا السنوية\داتا سنوات قديمة\photos_\DSC_1137-2.jpg","CAMPAIGN","Potential production website asset based on path and filename metadata","content inspection"
"A","DSC_3443.jpg","D:\7Z-Magic\Projects\SCMC - Ras AlKhaima - UAE\Media & Resources\20 years anniversary\داتا السنوية\داتا سنوات قديمة\photos_\DSC_3443.jpg","CAMPAIGN","Potential production website asset based on path and filename metadata","content inspection"
"A","IMG_8323.MOV","D:\7Z-Magic\Projects\SCMC - Ras AlKhaima - UAE\Media & Resources\20 years anniversary\داتا السنوية\Phone videos\IMG_8323.MOV","CAMPAIGN","Potential production website asset based on path and filename metadata","content inspection"
"A","DSC_3194.jpg","D:\7Z-Magic\Projects\SCMC - Ras AlKhaima - UAE\Media & Resources\20 years anniversary\داتا السنوية\داتا سنوات قديمة\photos_\DSC_3194.jpg","CAMPAIGN","Potential production website asset based on path and filename metadata","content inspection"
"A","DSC_2865.jpg","D:\7Z-Magic\Projects\SCMC - Ras AlKhaima - UAE\Media & Resources\20 years anniversary\داتا السنوية\داتا سنوات قديمة\photos_\DSC_2865.jpg","CAMPAIGN","Potential production website asset based on path and filename metadata","content inspection"
"A","DSC_0725.jpg","D:\7Z-Magic\Projects\SCMC - Ras AlKhaima - UAE\Media & Resources\20 years anniversary\داتا السنوية\داتا سنوات قديمة\photos_\DSC_0725.jpg","CAMPAIGN","Potential production website asset based on path and filename metadata","content inspection"
"A","Copy of DSC_0725.jpg","D:\7Z-Magic\Projects\SCMC - Ras AlKhaima - UAE\Media & Resources\20 years anniversary\pics\Old place\Copy of DSC_0725.jpg","CAMPAIGN","Potential production website asset based on path and filename metadata","content inspection"
"A","DSC_3527.jpg","D:\7Z-Magic\Projects\SCMC - Ras AlKhaima - UAE\Media & Resources\20 years anniversary\داتا السنوية\داتا سنوات قديمة\photos_\DSC_3527.jpg","CAMPAIGN","Potential production website asset based on path and filename metadata","content inspection"
"A","IMG_0584.HEIC","D:\7Z-Magic\Projects\SCMC - Ras AlKhaima - UAE\Media & Resources\20 years anniversary\pics\Smile care\IMG_0584.HEIC","CAMPAIGN","Potential production website asset based on path and filename metadata","content inspection"
"A","Copy of DSC_0981.jpg","D:\7Z-Magic\Projects\SCMC - Ras AlKhaima - UAE\Media & Resources\20 years anniversary\pics\Old place\Copy of DSC_0981.jpg","CAMPAIGN","Potential production website asset based on path and filename metadata","content inspection"
"A","DSC_0981.jpg","D:\7Z-Magic\Projects\SCMC - Ras AlKhaima - UAE\Media & Resources\20 years anniversary\داتا السنوية\داتا سنوات قديمة\photos_\DSC_0981.jpg","CAMPAIGN","Potential production website asset based on path and filename metadata","content inspection"
"A","Dr. Mohammed Taha_.jpg","D:\7Z-Magic\Projects\SCMC - Ras AlKhaima - UAE\Media & Resources\Smilecare\doctor pics\Dr. Mohammed Taha_.jpg","PEOPLE","Potential production website asset based on path and filename metadata","content inspection"
"A","DSC_1193-2.jpg","D:\7Z-Magic\Projects\SCMC - Ras AlKhaima - UAE\Media & Resources\20 years anniversary\داتا السنوية\داتا سنوات قديمة\photos_\DSC_1193-2.jpg","CAMPAIGN","Potential production website asset based on path and filename metadata","content inspection"
"A","DSC_1126-2.jpg","D:\7Z-Magic\Projects\SCMC - Ras AlKhaima - UAE\Media & Resources\20 years anniversary\داتا السنوية\داتا سنوات قديمة\photos_\DSC_1126-2.jpg","CAMPAIGN","Potential production website asset based on path and filename metadata","content inspection"
"A","Copy of DSC_1126-2.jpg","D:\7Z-Magic\Projects\SCMC - Ras AlKhaima - UAE\Media & Resources\20 years anniversary\pics\Old place\Copy of DSC_1126-2.jpg","CAMPAIGN","Potential production website asset based on path and filename metadata","content inspection"
"A","Copy of DSC_1047-2.jpg","D:\7Z-Magic\Projects\SCMC - Ras AlKhaima - UAE\Media & Resources\20 years anniversary\pics\Old place\Copy of DSC_1047-2.jpg","CAMPAIGN","Potential production website asset based on path and filename metadata","content inspection"
"A","DSC_1047-2.jpg","D:\7Z-Magic\Projects\SCMC - Ras AlKhaima - UAE\Media & Resources\20 years anniversary\داتا السنوية\داتا سنوات قديمة\photos_\DSC_1047-2.jpg","CAMPAIGN","Potential production website asset based on path and filename metadata","content inspection"
"A","DSC_2894.jpg","D:\7Z-Magic\Projects\SCMC - Ras AlKhaima - UAE\Media & Resources\20 years anniversary\داتا السنوية\داتا سنوات قديمة\photos_\DSC_2894.jpg","CAMPAIGN","Potential production website asset based on path and filename metadata","content inspection"
"A","DSC01249.jpeg","D:\7Z-Magic\Projects\SCMC - Ras AlKhaima - UAE\Media & Resources\20 years anniversary\داتا السنوية\Phone videos\DSC01249.jpeg","CAMPAIGN","Potential production website asset based on path and filename metadata","content inspection"
"A","DSC_1092-2.jpg","D:\7Z-Magic\Projects\SCMC - Ras AlKhaima - UAE\Media & Resources\20 years anniversary\داتا السنوية\داتا سنوات قديمة\photos_\DSC_1092-2.jpg","CAMPAIGN","Potential production website asset based on path and filename metadata","content inspection"
"A","SmileCare-Misc-06 2.pdf","D:\7Z-Magic\Projects\SCMC - Ras AlKhaima - UAE\Media & Resources\20 years anniversary\smilecare - misc\SmileCare-Misc-06 2.pdf","CAMPAIGN","Potential production website asset based on path and filename metadata","content inspection"
"A","Copy of DSC_1142-2.jpg","D:\7Z-Magic\Projects\SCMC - Ras AlKhaima - UAE\Media & Resources\20 years anniversary\pics\Old place\Copy of DSC_1142-2.jpg","CAMPAIGN","Potential production website asset based on path and filename metadata","content inspection"
"A","DSC_1142-2.jpg","D:\7Z-Magic\Projects\SCMC - Ras AlKhaima - UAE\Media & Resources\20 years anniversary\داتا السنوية\داتا سنوات قديمة\photos_\DSC_1142-2.jpg","CAMPAIGN","Potential production website asset based on path and filename metadata","content inspection"
"A","Dr . Mahra Abdullatif Al Shehhi.jpg","D:\7Z-Magic\Projects\SCMC - Ras AlKhaima - UAE\Media & Resources\Smilecare\doctor pics\Dr . Mahra Abdullatif Al Shehhi.jpg","PEOPLE","Potential production website asset based on path and filename metadata","content inspection"
"A","DSC_1122-2.jpg","D:\7Z-Magic\Projects\SCMC - Ras AlKhaima - UAE\Media & Resources\20 years anniversary\داتا السنوية\داتا سنوات قديمة\photos_\DSC_1122-2.jpg","CAMPAIGN","Potential production website asset based on path and filename metadata","content inspection"
"A","Copy of DSC_1122-2.jpg","D:\7Z-Magic\Projects\SCMC - Ras AlKhaima - UAE\Media & Resources\20 years anniversary\pics\Old place\Copy of DSC_1122-2.jpg","CAMPAIGN","Potential production website asset based on path and filename metadata","content inspection"
"A","SCMC-7Z-Proposal-EN.pdf","D:\7Z-Magic\Projects\SCMC - Ras AlKhaima - UAE\SCMC-7Z-Proposal\SCMC-7Z-Proposal-EN.pdf","DOCUMENT","Potential production website asset based on path and filename metadata","content inspection"
"A","DSCN9153.JPG","D:\7Z-Magic\Projects\SCMC - Ras AlKhaima - UAE\Media & Resources\20 years anniversary\داتا السنوية\داتا سنوات قديمة\photos_\DSCN9153.JPG","CAMPAIGN","Potential production website asset based on path and filename metadata","content inspection"
"A","DSCN9128.JPG","D:\7Z-Magic\Projects\SCMC - Ras AlKhaima - UAE\Media & Resources\20 years anniversary\داتا السنوية\داتا سنوات قديمة\photos_\DSCN9128.JPG","CAMPAIGN","Potential production website asset based on path and filename metadata","content inspection"
"A","DSCN9152.JPG","D:\7Z-Magic\Projects\SCMC - Ras AlKhaima - UAE\Media & Resources\20 years anniversary\داتا السنوية\داتا سنوات قديمة\photos_\DSCN9152.JPG","CAMPAIGN","Potential production website asset based on path and filename metadata","content inspection"
"A","DSCN9124.JPG","D:\7Z-Magic\Projects\SCMC - Ras AlKhaima - UAE\Media & Resources\20 years anniversary\داتا السنوية\داتا سنوات قديمة\photos_\DSCN9124.JPG","CAMPAIGN","Potential production website asset based on path and filename metadata","content inspection"
"A","Copy of DSC_1144-2.jpg","D:\7Z-Magic\Projects\SCMC - Ras AlKhaima - UAE\Media & Resources\20 years anniversary\pics\Old place\Copy of DSC_1144-2.jpg","CAMPAIGN","Potential production website asset based on path and filename metadata","content inspection"
"A","DSC_1144-2.jpg","D:\7Z-Magic\Projects\SCMC - Ras AlKhaima - UAE\Media & Resources\20 years anniversary\داتا السنوية\داتا سنوات قديمة\photos_\DSC_1144-2.jpg","CAMPAIGN","Potential production website asset based on path and filename metadata","content inspection"
"A","كوني قوية.mp3","D:\7Z-Magic\Projects\SCMC - Ras AlKhaima - UAE\Media & Resources\20 years anniversary\Sounds Smilecare\كوني قوية.mp3","CAMPAIGN","Potential production website asset based on path and filename metadata","content inspection"
"A","DSCN8889.JPG","D:\7Z-Magic\Projects\SCMC - Ras AlKhaima - UAE\Media & Resources\20 years anniversary\داتا السنوية\داتا سنوات قديمة\photos_\DSCN8889.JPG","CAMPAIGN","Potential production website asset based on path and filename metadata","content inspection"
"A","DSCN9154.JPG","D:\7Z-Magic\Projects\SCMC - Ras AlKhaima - UAE\Media & Resources\20 years anniversary\داتا السنوية\داتا سنوات قديمة\photos_\DSCN9154.JPG","CAMPAIGN","Potential production website asset based on path and filename metadata","content inspection"
"A","DSCN9129.JPG","D:\7Z-Magic\Projects\SCMC - Ras AlKhaima - UAE\Media & Resources\20 years anniversary\داتا السنوية\داتا سنوات قديمة\photos_\DSCN9129.JPG","CAMPAIGN","Potential production website asset based on path and filename metadata","content inspection"
"A","DSCN9155.JPG","D:\7Z-Magic\Projects\SCMC - Ras AlKhaima - UAE\Media & Resources\20 years anniversary\داتا السنوية\داتا سنوات قديمة\photos_\DSCN9155.JPG","CAMPAIGN","Potential production website asset based on path and filename metadata","content inspection"
"A","DSCN9125.JPG","D:\7Z-Magic\Projects\SCMC - Ras AlKhaima - UAE\Media & Resources\20 years anniversary\داتا السنوية\داتا سنوات قديمة\photos_\DSCN9125.JPG","CAMPAIGN","Potential production website asset based on path and filename metadata","content inspection"
"A","IMG_2799.HEIC","D:\7Z-Magic\Projects\SCMC - Ras AlKhaima - UAE\Media & Resources\20 years anniversary\pics\Smile care\IMG_2799.HEIC","CAMPAIGN","Potential production website asset based on path and filename metadata","content inspection"
"A","IMG_6134.HEIC","D:\7Z-Magic\Projects\SCMC - Ras AlKhaima - UAE\Media & Resources\20 years anniversary\داتا السنوية\Prepare for 17th\Photos\IMG_6134.HEIC","CAMPAIGN","Potential production website asset based on path and filename metadata","content inspection"
"A","2024-09-11 12-48-49 RDFE 1920x1080 30fps.mov","D:\7Z-Magic\Projects\SCMC - Ras AlKhaima - UAE\Media & Resources\20 years anniversary\داتا السنوية\Prepare for 17th\2024-09-11 12-48-49 RDFE 1920x1080 30fps.mov","CAMPAIGN","Potential production website asset based on path and filename metadata","content inspection"
"A","IMG_6136.HEIC","D:\7Z-Magic\Projects\SCMC - Ras AlKhaima - UAE\Media & Resources\20 years anniversary\داتا السنوية\Prepare for 17th\Photos\IMG_6136.HEIC","CAMPAIGN","Potential production website asset based on path and filename metadata","content inspection"
